3.1.0 ,50823,(d:\svn\bin)
3.1.1 ,51157,
3.1.2 ,51290,
3.1.3 ,51667,(d:\svn\bin)
3.1.4 ,51808,
3.1.5 ,51885,
3.1.6 ,52086,
3.1.7 ,52393,
3.1.8 ,52452,(d:\svn\bin)
3.1.9 ,52479,
3.1.10 ,52529,
3.1.11,52692,
3.1.12  ,52708,
3.1.13  ,53048,(d:\svn\bin)
3.1.14  ,53180,
3.2.0   ,53496,(d:\svn\bin)
3.2.1 ,53626,(d:\svn\bin)
3.2.2   ,53650,
3.2.3,53696,
3.2.4,53803,
3.2.5,53905,
3.2.6,54076,(d:\svn\bin)
3.2.7 ,54168,(d:\svn\bin)
3.2.8,54474,
3.2.9,54858,
3.2.10,54702,(d:\svn\bin)
3.2.11,54791,
3.2.12,54866,(d:\wai\bin)
3.2.13,55276,(d:\svn\bin)
3.2.14,55395,
3.3.0,56362,(d:\svn\bin)
